percentile_removed,n_features,auc
0.0,16,0.9344169818703534
0.1,16,0.9344169818703534
0.25,15,0.9280879092213381
0.4,12,0.9281743185078911
0.5,10,0.9136608190948221
