{
  "mean_lodo_auc": 0.7016021643238526,
  "weighted_mean_auc": 0.9206584567861603,
  "results": [
    {
      "dataset": "GSE101684",
      "n_test": 8,
      "auc": 0.5,
      "sens_95spec": 0.0,
      "best_l1": 0.23704008931294968,
      "best_C": 0.501645121745252
    },
    {
      "dataset": "GSE113740",
      "n_test": 1592,
      "auc": 0.8355621373327569,
      "sens_95spec": 0.7078651685393258,
      "best_l1": 0.8084572292422537,
      "best_C": 0.9797021991262457
    },
    {
      "dataset": "GSE126094",
      "n_test": 20,
      "auc": 0.5,
      "sens_95spec": 0.0,
      "best_l1": 0.3737361159124507,
      "best_C": 0.32861299804643174
    },
    {
      "dataset": "GSE164174",
      "n_test": 2934,
      "auc": 0.9708465199626534,
      "sens_95spec": 0.8312458800263678,
      "best_l1": 0.19946384551609003,
      "best_C": 0.1018967827393898
    }
  ]
}